id_cliente,nombre_cliente,apellido_cliente,dni_cliente,telefono_cliente,email
8974,Ross,Topling,41407676,7834137341,rtopling0@edublogs.org
405,Zacharie,Epinay,7273495,1812981688,zepinay1@cornell.edu
6305,Jacquelyn,Goggins,39774310,4859661301,jgoggins2@wikia.com
6622,Jacqueline,Oldland,18422089,1696205479,joldland3@toplist.cz
8681,Theodoric,Kaye,17344380,2662711511,tkaye4@buzzfeed.com
7521,Clementina,Stickells,8300357,6515437458,cstickells5@cdc.gov
4533,Kean,Clayhill,38635946,5856091591,kclayhill6@vistaprint.com
498,Bucky,Skypp,11114999,2291535891,bskypp7@mail.ru
3412,Silvester,Rainbow,40622749,8471436676,srainbow8@washingtonpost.com
8759,Caryl,Cocci,8855337,8206375323,ccocci9@soup.io
4733,Anatollo,Guirau,2077026,7134003501,aguiraua@ted.com
7245,Breanne,Soonhouse,9977301,9716003569,bsoonhouseb@unesco.org
2052,Sibelle,Petegree,13686339,1441307476,spetegreec@yellowbook.com
1010,Tamma,Koch,28754590,2733404957,tkochd@yelp.com
1807,Tallie,McGiff,48192346,4464083109,tmcgiffe@pinterest.com
1492,Giacobo,Mastrantone,10692114,7718338097,gmastrantonef@moonfruit.com
5331,Salim,Irwin,26190009,3761873117,sirwing@dion.ne.jp
7063,Stirling,Marsay,21458380,9278683539,smarsayh@stanford.edu
6603,Ara,Maddrah,49201572,4371142675,amaddrahi@webs.com
7751,Bryanty,Heathcote,36737412,4312938082,bheathcotej@wikimedia.org
3596,Brig,Michelotti,9903470,7131483176,bmichelottik@xrea.com
8469,Kaitlynn,Gerriet,32202657,3321919939,kgerrietl@cbslocal.com
2312,Brooks,Janik,21920501,8317700122,bjanikm@flavors.me
225,Lil,Old,27977781,1096736398,loldn@bluehost.com
2766,Jemie,May,39930355,1198981196,jmayo@ovh.net
5087,Stormy,Eat,21593828,5087385155,seatp@omniture.com
7415,Omar,De Moreno,49051406,3728464546,odemorenoq@clickbank.net
4057,Marieann,Shatliffe,9826059,3604914808,mshatliffer@ihg.com
5668,Malissa,Macrow,39631917,8379553369,mmacrows@jugem.jp
4780,Angelica,MacComiskey,9665253,1522891936,amaccomiskeyt@china.com.cn
5396,Bambie,Solano,13654751,6608806644,bsolanou@bravesites.com
8929,Teddy,Bodham,40917010,3461014669,tbodhamv@sciencedirect.com
732,Kaile,Benoit,40006481,6703986421,kbenoitw@archive.org
3658,Helene,Koeppke,13217941,5735389039,hkoeppkex@moonfruit.com
8284,Melanie,Ferras,15138991,8258004587,mferrasy@4shared.com
100,Ezequiel,Huntington,12300565,8419529438,ehuntingtonz@indiatimes.com
6421,Bret,Nail,36324408,7363455682,bnail10@google.ca
547,Frederique,Venart,6456920,1181924959,fvenart11@latimes.com
3204,Roxine,Kavanagh,40996604,3547006118,rkavanagh12@yahoo.com
6149,Blair,Samweyes,17899309,7971166720,bsamweyes13@wiley.com
920,Abbey,Marshman,42738738,1056791103,amarshman14@csmonitor.com
6456,Thorpe,Luxmoore,38591713,4158987107,tluxmoore15@studiopress.com
3764,Brooke,Stranks,1106688,4368404164,bstranks16@telegraph.co.uk
8420,Louise,Hammonds,18258346,3848336319,lhammonds17@networkadvertising.org
6058,Rowena,Djorevic,6955412,4969759880,rdjorevic18@abc.net.au
4702,Viva,MacMoyer,9124436,9115942082,vmacmoyer19@shop-pro.jp
8582,Veronika,Merrien,46405977,3526058817,vmerrien1a@ezinearticles.com
563,Thatch,Sloey,49509853,2145411720,tsloey1b@hubpages.com
1210,Shanda,Wigley,19795199,7994092284,swigley1c@merriam-webster.com
4053,Lamond,Tiron,27651189,8372101195,ltiron1d@zdnet.com
